<?xml version="1.0" encoding="UTF-8"?>
<GenRun Id="impl_1" LaunchPart="xczu7ev-ffvc1156-2-e" LaunchTime="1644169508">
  <File Type="WBT-USG" Name="usage_statistics_webtalk.html"/>
  <File Type="BITSTR-SYSDEF" Name="hkm_233.sysdef"/>
  <File Type="BITSTR-LTX" Name="debug_nets.ltx"/>
  <File Type="BITSTR-LTX" Name="hkm_233.ltx"/>
  <File Type="BG-BGN" Name="hkm_233.bgn"/>
  <File Type="RNPI_FILE" Name="hkm_233.rnpi"/>
  <File Type="BG-DRC" Name="hkm_233.drc"/>
  <File Type="CFI_FILE" Name="hkm_233.cfi"/>
  <File Type="RCFI_FILE" Name="hkm_233.rcfi"/>
  <File Type="BITSTR-MMI" Name="hkm_233.mmi"/>
  <File Type="BITSTR-BMM" Name="hkm_233_bd.bmm"/>
  <File Type="BITSTR-NKY" Name="hkm_233.nky"/>
  <File Type="BITSTR-RBT" Name="hkm_233.rbt"/>
  <File Type="RBD_FILE" Name="hkm_233.rbd"/>
  <File Type="BITSTR-MSK" Name="hkm_233.msk"/>
  <File Type="NPI_FILE" Name="hkm_233.npi"/>
  <File Type="BG-BIN" Name="hkm_233.bin"/>
  <File Type="PDI-FILE" Name="hkm_233.pdi"/>
  <File Type="BG-BIT" Name="hkm_233.bit"/>
  <File Type="POSTROUTE-PHYSOPT-BUS-SKEW-RPX" Name="hkm_233_bus_skew_postroute_physopted.rpx"/>
  <File Type="POSTROUTE-PHYSOPT-BUS-SKEW-PB" Name="hkm_233_bus_skew_postroute_physopted.pb"/>
  <File Type="POSTROUTE-PHYSOPT-BUS-SKEW" Name="hkm_233_bus_skew_postroute_physopted.rpt"/>
  <File Type="POSTROUTE-PHYSOPT-TIMING-RPX" Name="hkm_233_timing_summary_postroute_physopted.rpx"/>
  <File Type="RDI-RDI" Name="hkm_233.vdi"/>
  <File Type="POSTROUTE-PHYSOPT-TIMING-PB" Name="hkm_233_timing_summary_postroute_physopted.pb"/>
  <File Type="POSTROUTE-PHYSOPT-TIMING" Name="hkm_233_timing_summary_postroute_physopted.rpt"/>
  <File Type="POSTROUTE-PHYSOPT-BLACKBOX-DCP" Name="hkm_233_postroute_physopt_bb.dcp"/>
  <File Type="POSTROUTE-PHYSOPT-DCP" Name="hkm_233_postroute_physopt.dcp"/>
  <File Type="ROUTE-BUS-SKEW" Name="hkm_233_bus_skew_routed.rpt"/>
  <File Type="ROUTE-CLK" Name="hkm_233_clock_utilization_routed.rpt"/>
  <File Type="ROUTE-SIMILARITY" Name="hkm_233_incremental_reuse_routed.rpt"/>
  <File Type="ROUTE-TIMING-RPX" Name="hkm_233_timing_summary_routed.rpx"/>
  <File Type="ROUTE-TIMING-PB" Name="hkm_233_timing_summary_routed.pb"/>
  <File Type="ROUTE-TIMINGSUMMARY" Name="hkm_233_timing_summary_routed.rpt"/>
  <File Type="ROUTE-STATUS-PB" Name="hkm_233_route_status.pb"/>
  <File Type="ROUTE-STATUS" Name="hkm_233_route_status.rpt"/>
  <File Type="ROUTE-PWR-RPX" Name="hkm_233_power_routed.rpx"/>
  <File Type="ROUTE-PWR-SUM" Name="hkm_233_power_summary_routed.pb"/>
  <File Type="ROUTE-PWR" Name="hkm_233_power_routed.rpt"/>
  <File Type="ROUTE-METHODOLOGY-DRC-PB" Name="hkm_233_methodology_drc_routed.pb"/>
  <File Type="ROUTE-METHODOLOGY-DRC-RPX" Name="hkm_233_methodology_drc_routed.rpx"/>
  <File Type="ROUTE-METHODOLOGY-DRC" Name="hkm_233_methodology_drc_routed.rpt"/>
  <File Type="ROUTE-DRC-RPX" Name="hkm_233_drc_routed.rpx"/>
  <File Type="ROUTE-DRC-PB" Name="hkm_233_drc_routed.pb"/>
  <File Type="ROUTE-DRC" Name="hkm_233_drc_routed.rpt"/>
  <File Type="ROUTE-BLACKBOX-DCP" Name="hkm_233_routed_bb.dcp"/>
  <File Type="ROUTE-DCP" Name="hkm_233_routed.dcp"/>
  <File Type="ROUTE-ERROR-DCP" Name="hkm_233_routed_error.dcp"/>
  <File Type="PHYSOPT-TIMING" Name="hkm_233_timing_summary_physopted.rpt"/>
  <File Type="PHYSOPT-DRC" Name="hkm_233_drc_physopted.rpt"/>
  <File Type="PHYSOPT-DCP" Name="hkm_233_physopt.dcp"/>
  <File Type="POSTPLACE-PWROPT-TIMING" Name="hkm_233_timing_summary_postplace_pwropted.rpt"/>
  <File Type="POSTPLACE-PWROPT-DCP" Name="hkm_233_postplace_pwropt.dcp"/>
  <File Type="PLACE-TIMING" Name="hkm_233_timing_summary_placed.rpt"/>
  <File Type="PLACE-PRE-SIMILARITY" Name="hkm_233_incremental_reuse_pre_placed.rpt"/>
  <File Type="PLACE-SIMILARITY" Name="hkm_233_incremental_reuse_placed.rpt"/>
  <File Type="PLACE-CTRL" Name="hkm_233_control_sets_placed.rpt"/>
  <File Type="PLACE-UTIL-PB" Name="hkm_233_utilization_placed.pb"/>
  <File Type="PLACE-UTIL" Name="hkm_233_utilization_placed.rpt"/>
  <File Type="PLACE-CLK" Name="hkm_233_clock_utilization_placed.rpt"/>
  <File Type="PLACE-IO" Name="hkm_233_io_placed.rpt"/>
  <File Type="PLACE-DCP" Name="hkm_233_placed.dcp"/>
  <File Type="PWROPT-TIMING" Name="hkm_233_timing_summary_pwropted.rpt"/>
  <File Type="PWROPT-DRC" Name="hkm_233_drc_pwropted.rpt"/>
  <File Type="PWROPT-DCP" Name="hkm_233_pwropt.dcp"/>
  <File Type="OPT-TIMING" Name="hkm_233_timing_summary_opted.rpt"/>
  <File Type="OPT-HWDEF" Name="hkm_233.hwdef"/>
  <File Type="OPT-METHODOLOGY-DRC" Name="hkm_233_methodology_drc_opted.rpt"/>
  <File Type="OPT-DRC" Name="hkm_233_drc_opted.rpt"/>
  <File Type="OPT-DCP" Name="hkm_233_opt.dcp"/>
  <File Type="INIT-TIMING" Name="hkm_233_timing_summary_init.rpt"/>
  <File Type="ROUTE-BUS-SKEW-RPX" Name="hkm_233_bus_skew_routed.rpx"/>
  <File Type="REPORTS-TCL" Name="hkm_233_reports.tcl"/>
  <File Type="ROUTE-BUS-SKEW-PB" Name="hkm_233_bus_skew_routed.pb"/>
  <File Type="PA-TCL" Name="hkm_233.tcl"/>
  <FileSet Name="sources" Type="DesignSrcs" RelSrcDir="$PSRCDIR/sources_1" RelGenDir="$PGENDIR/sources_1">
    <Filter Type="Srcs"/>
    <File Path="$PSRCDIR/sources_1/new/km_116.v">
      <FileInfo>
        <Attr Name="UsedIn" Val="synthesis"/>
        <Attr Name="UsedIn" Val="implementation"/>
        <Attr Name="UsedIn" Val="simulation"/>
      </FileInfo>
    </File>
    <File Path="$PSRCDIR/sources_1/new/km_117.v">
      <FileInfo>
        <Attr Name="UsedIn" Val="synthesis"/>
        <Attr Name="UsedIn" Val="implementation"/>
        <Attr Name="UsedIn" Val="simulation"/>
      </FileInfo>
    </File>
    <File Path="$PSRCDIR/sources_1/new/km_14.v">
      <FileInfo>
        <Attr Name="UsedIn" Val="synthesis"/>
        <Attr Name="UsedIn" Val="implementation"/>
        <Attr Name="UsedIn" Val="simulation"/>
      </FileInfo>
    </File>
    <File Path="$PSRCDIR/sources_1/new/km_15.v">
      <FileInfo>
        <Attr Name="UsedIn" Val="synthesis"/>
        <Attr Name="UsedIn" Val="implementation"/>
        <Attr Name="UsedIn" Val="simulation"/>
      </FileInfo>
    </File>
    <File Path="$PSRCDIR/sources_1/new/km_233.v">
      <FileInfo>
        <Attr Name="UsedIn" Val="synthesis"/>
        <Attr Name="UsedIn" Val="implementation"/>
        <Attr Name="UsedIn" Val="simulation"/>
      </FileInfo>
    </File>
    <File Path="$PSRCDIR/sources_1/new/km_29.v">
      <FileInfo>
        <Attr Name="UsedIn" Val="synthesis"/>
        <Attr Name="UsedIn" Val="implementation"/>
        <Attr Name="UsedIn" Val="simulation"/>
      </FileInfo>
    </File>
    <File Path="$PSRCDIR/sources_1/new/km_30.v">
      <FileInfo>
        <Attr Name="UsedIn" Val="synthesis"/>
        <Attr Name="UsedIn" Val="implementation"/>
        <Attr Name="UsedIn" Val="simulation"/>
      </FileInfo>
    </File>
    <File Path="$PSRCDIR/sources_1/new/km_58.v">
      <FileInfo>
        <Attr Name="UsedIn" Val="synthesis"/>
        <Attr Name="UsedIn" Val="implementation"/>
        <Attr Name="UsedIn" Val="simulation"/>
      </FileInfo>
    </File>
    <File Path="$PSRCDIR/sources_1/new/km_59.v">
      <FileInfo>
        <Attr Name="UsedIn" Val="synthesis"/>
        <Attr Name="UsedIn" Val="implementation"/>
        <Attr Name="UsedIn" Val="simulation"/>
      </FileInfo>
    </File>
    <File Path="$PSRCDIR/sources_1/new/mod_233.v">
      <FileInfo>
        <Attr Name="UsedIn" Val="synthesis"/>
        <Attr Name="UsedIn" Val="implementation"/>
        <Attr Name="UsedIn" Val="simulation"/>
      </FileInfo>
    </File>
    <File Path="$PSRCDIR/sources_1/new/hybrid_karatsuba.v">
      <FileInfo>
        <Attr Name="UsedIn" Val="synthesis"/>
        <Attr Name="UsedIn" Val="implementation"/>
        <Attr Name="UsedIn" Val="simulation"/>
      </FileInfo>
    </File>
    <File Path="$PSRCDIR/sources_1/new/km_n.v">
      <FileInfo>
        <Attr Name="AutoDisabled" Val="1"/>
        <Attr Name="UsedIn" Val="synthesis"/>
        <Attr Name="UsedIn" Val="implementation"/>
        <Attr Name="UsedIn" Val="simulation"/>
      </FileInfo>
    </File>
    <Config>
      <Option Name="DesignMode" Val="RTL"/>
      <Option Name="TopModule" Val="hkm_233"/>
      <Option Name="TopAutoSet" Val="TRUE"/>
    </Config>
  </FileSet>
  <FileSet Name="constrs_in" Type="Constrs" RelSrcDir="$PSRCDIR/constrs_1">
    <Filter Type="Constrs"/>
    <Config>
      <Option Name="ConstrsType" Val="XDC"/>
    </Config>
  </FileSet>
  <FileSet Name="utils" Type="Utils" RelSrcDir="$PSRCDIR/utils_1">
    <Filter Type="Utils"/>
    <File Path="$PSRCDIR/utils_1/imports/synth_1/hkm_233.dcp">
      <FileInfo>
        <Attr Name="UsedIn" Val="synthesis"/>
        <Attr Name="UsedIn" Val="implementation"/>
        <Attr Name="UsedInSteps" Val="synth_1"/>
        <Attr Name="UsedInSteps" Val="synth_1_copy_1"/>
        <Attr Name="AutoDcp" Val="1"/>
      </FileInfo>
    </File>
    <Config>
      <Option Name="TopAutoSet" Val="TRUE"/>
    </Config>
  </FileSet>
  <Strategy Version="1" Minor="2">
    <StratHandle Name="Vivado Implementation Defaults" Flow="Vivado Implementation 2021"/>
    <Step Id="init_design"/>
    <Step Id="opt_design"/>
    <Step Id="power_opt_design"/>
    <Step Id="place_design"/>
    <Step Id="post_place_power_opt_design"/>
    <Step Id="phys_opt_design"/>
    <Step Id="route_design"/>
    <Step Id="post_route_phys_opt_design"/>
    <Step Id="write_bitstream"/>
  </Strategy>
</GenRun>
